{"RMSE": 2129484893.3061965, "RMSLE": 0.8432053446871735, "R^2": 0.8374148082677861}